var_id	mut_id	pep_id	pep_type	gene_name	gene_id	tx_id	tiled	n_tiles	nt	peptide
chr1:114713908_T/A	NRAS_Q61L	NRAS_Q61	ref	NRAS	ENSG00000213281	ENST00000369535	ATAGATGGTGAAACCTGTTTGTTGGACATACTGGATACAGCTGGACAAGAAGAGTACAGTGCCATGAGAGACCAATACATGAGGACAGGCGAA	1	93	IDGETCLLDILDTAGQEEYSAMRDQYMRTGE
chr1:114713908_T/A	NRAS_Q61L	NRAS_Q61L	alt	NRAS	ENSG00000213281	ENST00000369535	ATAGATGGTGAAACCTGTTTGTTGGACATACTGGATACAGCTGGACTAGAAGAGTACAGTGCCATGAGAGACCAATACATGAGGACAGGCGAA	1	93	IDGETCLLDILDTAGLEEYSAMRDQYMRTGE
chr1:114713908_T/C	NRAS_Q61R	NRAS_Q61R	alt	NRAS	ENSG00000213281	ENST00000369535	ATAGATGGTGAAACCTGTTTGTTGGACATACTGGATACAGCTGGACGAGAAGAGTACAGTGCCATGAGAGACCAATACATGAGGACAGGCGAA	1	93	IDGETCLLDILDTAGREEYSAMRDQYMRTGE
chr2:208248388_G/A	IDH1_R132L	IDH1_R132	ref	IDH1	ENSG00000138413	ENST00000345146	ATCCCCCGGCTTGTGAGTGGATGGGTAAAACCTATCATCATAGGTCGTCATGCTTATGGGGATCAATACAGAGCAACTGATTTTGTTGTTCCT	1	93	IPRLVSGWVKPIIIGRHAYGDQYRATDFVVP
chr2:208248388_G/A	IDH1_R132L	IDH1_R132L	alt	IDH1	ENSG00000138413	ENST00000345146	ATCCCCCGGCTTGTGAGTGGATGGGTAAAACCTATCATCATAGGTCTTCATGCTTATGGGGATCAATACAGAGCAACTGATTTTGTTGTTCCT	1	93	IPRLVSGWVKPIIIGLHAYGDQYRATDFVVP
chr3:179234297_A/G	PIK3CA_H1047R	PIK3CA_H1047	ref	PIK3CA	ENSG00000121879	ENST00000263967	GAGCAAGAGGCTTTGGAGTATTTCATGAAACAAATGAATGATGCACATCATGGTGGCTGGACAACAAAAATGGATTGGATCTTCCACACAATT	1	93	EQEALEYFMKQMNDAHHGGWTTKMDWIFHTI
chr3:179234297_A/G	PIK3CA_H1047R	PIK3CA_H1047R	alt	PIK3CA	ENSG00000121879	ENST00000263967	GAGCAAGAGGCTTTGGAGTATTTCATGAAACAAATGAATGATGCACGTCATGGTGGCTGGACAACAAAAATGGATTGGATCTTCCACACAATT	1	93	EQEALEYFMKQMNDARHGGWTTKMDWIFHTI
chr4:54285926_A/T	PDGFRA_D842V	PDGFRA_D842	ref	PDGFRA	ENSG00000134853	ENST00000257290	GCACAAGGAAAAATTGTGAAGATCTGTGACTTTGGCCTGGCCAGAGACATCATGCATGATTCGAACTATGTGTCGAAAGGCAGTACCTTTCTG	1	93	AQGKIVKICDFGLARDIMHDSNYVSKGSTFL
chr4:54285926_A/T	PDGFRA_D842V	PDGFRA_D842V	alt	PDGFRA	ENSG00000134853	ENST00000257290	GCACAAGGAAAAATTGTGAAGATCTGTGACTTTGGCCTGGCCAGAGTCATCATGCATGATTCGAACTATGTGTCGAAAGGCAGTACCTTTCTG	1	93	AQGKIVKICDFGLARVIMHDSNYVSKGSTFL
chr4:54733155_A/T	KIT_D816V	KIT_D816	ref	KIT	ENSG00000157404	ENST00000288135	ACTCATGGTCGGATCACAAAGATTTGTGATTTTGGTCTAGCCAGAGACATCAAGAATGATTCTAATTATGTGGTTAAAGGAAACGCTCGACTA	1	93	THGRITKICDFGLARDIKNDSNYVVKGNARL
chr4:54733155_A/T	KIT_D816V	KIT_D816V	alt	KIT	ENSG00000157404	ENST00000288135	ACTCATGGTCGGATCACAAAGATTTGTGATTTTGGTCTAGCCAGAGTCATCAAGAATGATTCTAATTATGTGGTTAAAGGAAACGCTCGACTA	1	93	THGRITKICDFGLARVIKNDSNYVVKGNARL
chr4:152326137_C/T	FBXW7_R505S	FBXW7_R505	ref	FBXW7	ENSG00000109670	ENST00000281708	ACAGGCCAGTGTTTACATGTTTTGATGGGTCATGTTGCAGCAGTCCGCTGTGTTCAATATGATGGCAGGAGGGTTGTTAGTGGAGCATATGAT	1	93	TGQCLHVLMGHVAAVRCVQYDGRRVVSGAYD
chr4:152326137_C/T	FBXW7_R505S	FBXW7_R505S	alt	FBXW7	ENSG00000109670	ENST00000281708	ACAGGCCAGTGTTTACATGTTTTGATGGGTCATGTTGCAGCAGTCAGCTGTGTTCAATATGATGGCAGGAGGGTTGTTAGTGGAGCATATGAT	1	93	TGQCLHVLMGHVAAVSCVQYDGRRVVSGAYD
chr7:55181370_C/CA	EGFR_787fs	EGFR_787	ref	EGFR	ENSG00000146648	ENST00000275493	CCCCACGTGTGCCGCCTGCTGGGCATCTGCCTCACCTCCACCGTGCAGCTCATCACGCAGCTCATGCCCTTCGGCTGCCTCCTGGACTATGTC	1	93	PHVCRLLGICLTSTVQLITQLMPFGCLLDYV
chr7:55181370_C/CA	EGFR_787fs	EGFR_787fs-1	alt	EGFR	ENSG00000146648	ENST00000275493	CCCCACGTGTGCCGCCTGCTGGGCATCTGCCTCACCTCCACCGTGCACACTCATCACGCAGCTCATGCCCTTCGGCTGCCTCCTGGACTATGT	7	93	PHVCRLLGICLTSTVHTHHAAHALRLPPGLC
chr7:55181370_C/CA	EGFR_787fs	EGFR_787fs-2	alt	EGFR	ENSG00000146648	ENST00000275493	ACTCATCACGCAGCTCATGCCCTTCGGCTGCCTCCTGGACTATGTCCGGGAACACAAAGACAATATTGGCTCCCAGTACCTGCTCAACTGGTG	7	93	THHAAHALRLPPGLCPGTQRQYWLPVPAQLV
chr7:55181370_C/CA	EGFR_787fs	EGFR_787fs-3	alt	EGFR	ENSG00000146648	ENST00000275493	CCGGGAACACAAAGACAATATTGGCTCCCAGTACCTGCTCAACTGGTGTGTGCAGATCGCAAAGGGCATGAACTACTTGGAGGACCGTCGCTT	7	93	PGTQRQYWLPVPAQLVCADRKGHELLGGPSL
chr7:55181370_C/CA	EGFR_787fs	EGFR_787fs-4	alt	EGFR	ENSG00000146648	ENST00000275493	GTGTGTGCAGATCGCAAAGGGCATGAACTACTTGGAGGACCGTCGCTTGGTGCACCGCGACCTGGCAGCCAGGAACGTACTGGTGAAAACACC	7	93	VCADRKGHELLGGPSLGAPRPGSQERTGENT
chr7:55181370_C/CA	EGFR_787fs	EGFR_787fs-5	alt	EGFR	ENSG00000146648	ENST00000275493	GGTGCACCGCGACCTGGCAGCCAGGAACGTACTGGTGAAAACACCGCAGCATGTCAAGATCACAGATTTTGGGCTGGCCAAACTGCTGGGTGC	7	93	GAPRPGSQERTGENTAACQDHRFWAGQTAGC
chr7:55181370_C/CA	EGFR_787fs	EGFR_787fs-6	alt	EGFR	ENSG00000146648	ENST00000275493	GCATGTCAAGATCACAGATTTTGGGCTGGCCAAACTGCTGGGTGCGGAAGAGAAAGAATACCATGCAGAAGGAGGCAAAGTGCCTATCAAGTG	7	93	ACQDHRFWAGQTAGCGRERIPCRRRQSAYQV
chr7:55181370_C/CA	EGFR_787fs	EGFR_787fs-7	alt	EGFR	ENSG00000146648	ENST00000275493	GGAAGAGAAAGAATACCATGCAGAAGGAGGCAAAGTGCCTATCAAGTGGATGGCATTGGAATCAATTTTACACAGAATCTATACCCACCAGAG	7	93	GRERIPCRRRQSAYQVDGIGINFTQNLYPPE
chr7:55181374_ATC/A	EGFR_789fs	EGFR_789	ref	EGFR	ENSG00000146648	ENST00000275493	GTGTGCCGCCTGCTGGGCATCTGCCTCACCTCCACCGTGCAGCTCATCACGCAGCTCATGCCCTTCGGCTGCCTCCTGGACTATGTCCGGGAA	1	93	VCRLLGICLTSTVQLITQLMPFGCLLDYVRE
chr7:55181374_ATC/A	EGFR_789fs	EGFR_789fs-1	alt	EGFR	ENSG00000146648	ENST00000275493	GTGTGCCGCCTGCTGGGCATCTGCCTCACCTCCACCGTGCAGCTCAACGCAGCTCATGCCCTTCGGCTGCCTCCTGGACTATGTCCGGGAACA	7	93	VCRLLGICLTSTVQLNAAHALRLPPGLCPGT
chr7:55181374_ATC/A	EGFR_789fs	EGFR_789fs-2	alt	EGFR	ENSG00000146648	ENST00000275493	AACGCAGCTCATGCCCTTCGGCTGCCTCCTGGACTATGTCCGGGAACACAAAGACAATATTGGCTCCCAGTACCTGCTCAACTGGTGTGTGCA	7	93	NAAHALRLPPGLCPGTQRQYWLPVPAQLVCA
chr7:55181374_ATC/A	EGFR_789fs	EGFR_789fs-3	alt	EGFR	ENSG00000146648	ENST00000275493	ACACAAAGACAATATTGGCTCCCAGTACCTGCTCAACTGGTGTGTGCAGATCGCAAAGGGCATGAACTACTTGGAGGACCGTCGCTTGGTGCA	7	93	TQRQYWLPVPAQLVCADRKGHELLGGPSLGA
chr7:55181374_ATC/A	EGFR_789fs	EGFR_789fs-4	alt	EGFR	ENSG00000146648	ENST00000275493	GCAGATCGCAAAGGGCATGAACTACTTGGAGGACCGTCGCTTGGTGCACCGCGACCTGGCAGCCAGGAACGTACTGGTGAAAACACCGCAGCA	7	93	ADRKGHELLGGPSLGAPRPGSQERTGENTAA
chr7:55181374_ATC/A	EGFR_789fs	EGFR_789fs-5	alt	EGFR	ENSG00000146648	ENST00000275493	GCACCGCGACCTGGCAGCCAGGAACGTACTGGTGAAAACACCGCAGCATGTCAAGATCACAGATTTTGGGCTGGCCAAACTGCTGGGTGCGGA	7	93	APRPGSQERTGENTAACQDHRFWAGQTAGCG
chr7:55181374_ATC/A	EGFR_789fs	EGFR_789fs-6	alt	EGFR	ENSG00000146648	ENST00000275493	GCATGTCAAGATCACAGATTTTGGGCTGGCCAAACTGCTGGGTGCGGAAGAGAAAGAATACCATGCAGAAGGAGGCAAAGTGCCTATCAAGTG	7	93	ACQDHRFWAGQTAGCGRERIPCRRRQSAYQV
chr7:55181374_ATC/A	EGFR_789fs	EGFR_789fs-7	alt	EGFR	ENSG00000146648	ENST00000275493	GGAAGAGAAAGAATACCATGCAGAAGGAGGCAAAGTGCCTATCAAGTGGATGGCATTGGAATCAATTTTACACAGAATCTATACCCACCAGAG	7	93	GRERIPCRRRQSAYQVDGIGINFTQNLYPPE
chr7:55181378_C/T	EGFR_T790M	EGFR_T790	ref	EGFR	ENSG00000146648	ENST00000275493	TGCCGCCTGCTGGGCATCTGCCTCACCTCCACCGTGCAGCTCATCACGCAGCTCATGCCCTTCGGCTGCCTCCTGGACTATGTCCGGGAACAC	1	93	CRLLGICLTSTVQLITQLMPFGCLLDYVREH
chr7:55181378_C/T	EGFR_T790M	EGFR_T790M	alt	EGFR	ENSG00000146648	ENST00000275493	TGCCGCCTGCTGGGCATCTGCCTCACCTCCACCGTGCAGCTCATCATGCAGCTCATGCCCTTCGGCTGCCTCCTGGACTATGTCCGGGAACAC	1	93	CRLLGICLTSTVQLIMQLMPFGCLLDYVREH
chr7:55181394_G/A	EGFR_F795L	EGFR_F795	ref	EGFR	ENSG00000146648	ENST00000275493	ATCTGCCTCACCTCCACCGTGCAGCTCATCACGCAGCTCATGCCCTTCGGCTGCCTCCTGGACTATGTCCGGGAACACAAAGACAATATTGGC	1	93	ICLTSTVQLITQLMPFGCLLDYVREHKDNIG
chr7:55181394_G/A	EGFR_F795L	EGFR_F795L	alt	EGFR	ENSG00000146648	ENST00000275493	ATCTGCCTCACCTCCACCGTGCAGCTCATCACGCAGCTCATGCCCTTAGGCTGCCTCCTGGACTATGTCCGGGAACACAAAGACAATATTGGC	1	93	ICLTSTVQLITQLMPLGCLLDYVREHKDNIG
chr7:55191822_T/G	EGFR_L858R	EGFR_L858	ref	EGFR	ENSG00000146648	ENST00000275493	GTACTGGTGAAAACACCGCAGCATGTCAAGATCACAGATTTTGGGCTGGCCAAACTGCTGGGTGCGGAAGAGAAAGAATACCATGCAGAAGGA	1	93	VLVKTPQHVKITDFGLAKLLGAEEKEYHAEG
chr7:55191822_T/G	EGFR_L858R	EGFR_L858R	alt	EGFR	ENSG00000146648	ENST00000275493	GTACTGGTGAAAACACCGCAGCATGTCAAGATCACAGATTTTGGGCGGGCCAAACTGCTGGGTGCGGAAGAGAAAGAATACCATGCAGAAGGA	1	93	VLVKTPQHVKITDFGRAKLLGAEEKEYHAEG
chr7:116771936_C/T	MET_T1010I	MET_T1010	ref	MET	ENSG00000105976	ENST00000318493	ACTCCTCATTTGGATAGGCTTGTAAGTGCCCGAAGTGTAAGCCCAACTACAGAAATGGTTTCAAATGAATCTGTAGACTACCGAGCTACTTTT	1	93	TPHLDRLVSARSVSPTTEMVSNESVDYRATF
chr7:116771936_C/T	MET_T1010I	MET_T1010I	alt	MET	ENSG00000105976	ENST00000318493	ACTCCTCATTTGGATAGGCTTGTAAGTGCCCGAAGTGTAAGCCCAATTACAGAAATGGTTTCAAATGAATCTGTAGACTACCGAGCTACTTTT	1	93	TPHLDRLVSARSVSPITEMVSNESVDYRATF
chr9:5073770_G/T	JAK2_V617F	JAK2_V617	ref	JAK2	ENSG00000096968	ENST00000381652	AGCAAGCTTTCTCACAAGCATTTGGTTTTAAATTATGGAGTATGTGTCTGTGGAGACGAGAATATTCTGGTTCAGGAGTTTGTAAAATTTGGA	1	93	SKLSHKHLVLNYGVCVCGDENILVQEFVKFG
chr9:5073770_G/T	JAK2_V617F	JAK2_V617F	alt	JAK2	ENSG00000096968	ENST00000381652	AGCAAGCTTTCTCACAAGCATTTGGTTTTAAATTATGGAGTATGTTTCTGTGGAGACGAGAATATTCTGGTTCAGGAGTTTGTAAAATTTGGA	1	93	SKLSHKHLVLNYGVCFCGDENILVQEFVKFG
chr11:32396341_C/T	WT1_R377S	WT1_R377	ref	WT1	ENSG00000184937	ENST00000332351	GTAGCCCCGACTCTTGTACGGTCGGCATCTGAGACCAGTGAGAAACGCCCCTTCATGTGTGCTTACCCAGGCTGCAATAAGAGATATTTTAAG	1	93	VAPTLVRSASETSEKRPFMCAYPGCNKRYFK
chr11:32396341_C/T	WT1_R377S	WT1_R377S	alt	WT1	ENSG00000184937	ENST00000332351	GTAGCCCCGACTCTTGTACGGTCGGCATCTGAGACCAGTGAGAAAAGCCCCTTCATGTGTGCTTACCCAGGCTGCAATAAGAGATATTTTAAG	1	93	VAPTLVRSASETSEKSPFMCAYPGCNKRYFK
chr12:25245347_G/A	KRAS_G13V	KRAS_G13	ref	KRAS	ENSG00000133703	ENST00000256078	ATGACTGAATATAAACTTGTGGTAGTTGGAGCTGGTGGCGTAGGCAAGAGTGCCTTGACGATACAGCTAATTCAGAATCATTTTGTGGACGAA	1	93	MTEYKLVVVGAGGVGKSALTIQLIQNHFVDE
chr12:25245347_G/A	KRAS_G13V	KRAS_G13V	alt	KRAS	ENSG00000133703	ENST00000256078	ATGACTGAATATAAACTTGTGGTAGTTGGAGCTGGTGTCGTAGGCAAGAGTGCCTTGACGATACAGCTAATTCAGAATCATTTTGTGGACGAA	1	93	MTEYKLVVVGAGVVGKSALTIQLIQNHFVDE
chr12:25245350_C/T	KRAS_G12D	KRAS_G12	ref	KRAS	ENSG00000133703	ENST00000256078	ATGACTGAATATAAACTTGTGGTAGTTGGAGCTGGTGGCGTAGGCAAGAGTGCCTTGACGATACAGCTAATTCAGAATCATTTTGTGGACGAA	1	93	MTEYKLVVVGAGGVGKSALTIQLIQNHFVDE
chr12:25245350_C/T	KRAS_G12D	KRAS_G12D	alt	KRAS	ENSG00000133703	ENST00000256078	ATGACTGAATATAAACTTGTGGTAGTTGGAGCTGATGGCGTAGGCAAGAGTGCCTTGACGATACAGCTAATTCAGAATCATTTTGTGGACGAA	1	93	MTEYKLVVVGADGVGKSALTIQLIQNHFVDE
chr12:25245350_C/A	KRAS_G12V	KRAS_G12V	alt	KRAS	ENSG00000133703	ENST00000256078	ATGACTGAATATAAACTTGTGGTAGTTGGAGCTGTTGGCGTAGGCAAGAGTGCCTTGACGATACAGCTAATTCAGAATCATTTTGTGGACGAA	1	93	MTEYKLVVVGAVGVGKSALTIQLIQNHFVDE
chr15:90088702_C/T	IDH2_R140Q	IDH2_R140	ref	IDH2	ENSG00000182054	ENST00000330062	GAGTTCAAGCTGAAGAAGATGTGGAAAAGTCCCAATGGAACTATCCGGAACATCCTGGGGGGGACTGTCTTCCGGGAGCCCATCATCTGCAAA	1	93	EFKLKKMWKSPNGTIRNILGGTVFREPIICK
chr15:90088702_C/T	IDH2_R140Q	IDH2_R140Q	alt	IDH2	ENSG00000182054	ENST00000330062	GAGTTCAAGCTGAAGAAGATGTGGAAAAGTCCCAATGGAACTATCCAGAACATCCTGGGGGGGACTGTCTTCCGGGAGCCCATCATCTGCAAA	1	93	EFKLKKMWKSPNGTIQNILGGTVFREPIICK
chr18:51065548_C/T	SMAD4_R361C	SMAD4_R361	ref	SMAD4	ENSG00000141646	ENST00000342988	CCTATTGTTACTGTTGATGGATACGTGGACCCTTCTGGAGGAGATCGCTTTTGTTTGGGTCAACTCTCCAATGTCCACAGGACAGAAGCCATT	1	93	PIVTVDGYVDPSGGDRFCLGQLSNVHRTEAI
chr18:51065548_C/T	SMAD4_R361C	SMAD4_R361C	alt	SMAD4	ENSG00000141646	ENST00000342988	CCTATTGTTACTGTTGATGGATACGTGGACCCTTCTGGAGGAGATTGCTTTTGTTTGGGTCAACTCTCCAATGTCCACAGGACAGAAGCCATT	1	93	PIVTVDGYVDPSGGDCFCLGQLSNVHRTEAI
BCR--ABL1.fs	BCR--ABL1.fs	BCR	ref	BCR	ENSG00000186716	ENST00000305877	AAACTCCAGACTGTCCACAGCATTCCGCTGACCATCAATAAGGAAGATGATGAGTCTCCGGGGCTCTATGGGTTTCTGAATGTCATCGTCCAC	1	93	KLQTVHSIPLTINKEDDESPGLYGFLNVIVH
BCR--ABL1.fs	BCR--ABL1.fs	ABL1	ref	ABL1.fs	ENSG00000097007	ENST00000318560	ATGTTGGAGATCTGCCTGAAGCTGGTGGGCTGCAAATCCAAGAAGGGGCTGTCCTCGTCCTCCAGCTGTTATCTGGAAGAAGCCCTTCAGCGG	1	93	MLEICLKLVGCKSKKGLSSSSSCYLEEALQR
BCR--ABL1.fs	BCR--ABL1.fs	BCR--ABL1.fs-1	alt	NA	ENSG00000186716;ENSG00000097007	ENST00000305877;ENST00000318560	AAACTCCAGACTGTCCACAGCATTCCGCTGACCATCAATAAGGAAGATGTTGGAGATCTGCCTGAAGCTGGTGGGCTGCAAATCCAAGAAGGG	3	93	KLQTVHSIPLTINKEDVGDLPEAGGLQIQEG
BCR--ABL1.fs	BCR--ABL1.fs	BCR--ABL1.fs-2	alt	NA	ENSG00000186716;ENSG00000097007	ENST00000305877;ENST00000318560	ACCATCAATAAGGAAGATGTTGGAGATCTGCCTGAAGCTGGTGGGCTGCAAATCCAAGAAGGGGCTGTCCTCGTCCTCCAGCTGTTATCTGGA	3	93	TINKEDVGDLPEAGGLQIQEGAVLVLQLLSG
BCR--ABL1.fs	BCR--ABL1.fs	BCR--ABL1.fs-3	alt	NA	ENSG00000186716;ENSG00000097007	ENST00000305877;ENST00000318560	CTGCCTGAAGCTGGTGGGCTGCAAATCCAAGAAGGGGCTGTCCTCGTCCTCCAGCTGTTATCTGGAAGAAGCCCTTCAGCGGCCAGTAGCATC	3	93	LPEAGGLQIQEGAVLVLQLLSGRSPSAASSI
CD74--ROS1.fs	CD74--ROS1.fs	CD74	ref	CD74	ENSG00000019582	ENST00000009530	AACCTGAGACACCTTAAGAACACCATGGAGACCATAGACTGGAAGGTCTTTGAGAGCTGGATGCACCATTGGCTCCTGTTTGAAATGAGCAGG	1	93	NLRHLKNTMETIDWKVFESWMHHWLLFEMSR
CD74--ROS1.fs	CD74--ROS1.fs	ROS1	ref	ROS1.fs	ENSG00000047936	ENST00000368507	TTTGGTGAATATAGTGGAATCAGTGAGAATATTATATTAGTTGGAGATGATTTTTGGATACCAGAAACAAGTTTCATACTTACTATTATAGTT	1	93	FGEYSGISENIILVGDDFWIPETSFILTIIV
CD74--ROS1.fs	CD74--ROS1.fs	CD74--ROS1.fs	alt	NA	ENSG00000019582;ENSG00000047936	ENST00000009530;ENST00000368507	GACCCCCTGAAGGTGTACCCGCCACTGAAGGGGAGCTTCCCGGAGAACCTGAGACACCTTAAGAACACCATGGAGACCATAGACTGGAAGGGA	1	93	DPLKVYPPLKGSFPENLRHLKNTMETIDWKG
EML4--ALK	EML4--ALK	EML4	ref	EML4	ENSG00000143924	ENST00000318522	TGGAGCAAAACTACTGTAGAGCCCACACCTGGGAAAGGACCTAAAGGTGTATATCAAATCAGCAAACAAATCAAAGCTCATGATGGCAGTGTG	1	93	WSKTTVEPTPGKGPKGVYQISKQIKAHDGSV
EML4--ALK	EML4--ALK	ALK	ref	ALK	ENSG00000171094	ENST00000389048	ATCAGTGACCTGAAGGAGGTGCCGCGGAAAAACATCACCCTCATTCGGGGTCTGGGCCATGGCGCCTTTGGGGAGGTGTATGAAGGCCAGGTG	1	93	ISDLKEVPRKNITLIRGLGHGAFGEVYEGQV
EML4--ALK	EML4--ALK	EML4--ALK	alt	NA	ENSG00000143924;ENSG00000171094	ENST00000318522;ENST00000389048	TGGAGCAAAACTACTGTAGAGCCCACACCTGGGAAAGGACCTAAAGGGGGTCTGGGCCATGGCGCCTTTGGGGAGGTGTATGAAGGCCAGGTG	1	93	WSKTTVEPTPGKGPKGGLGHGAFGEVYEGQV
ETV6--NTRK3.fs	ETV6--NTRK3.fs	ETV6	ref	ETV6	ENSG00000139083	ENST00000396373	GTCTCCCCGCCTGAAGAGCACGCCATGCCCATTGGGAGAATAGCAGACTGTAGACTGCTTTGGGATTACGTCTATCAGTTGCTTTCTGACAGC	1	93	VSPPEEHAMPIGRIADCRLLWDYVYQLLSDS
ETV6--NTRK3.fs	ETV6--NTRK3.fs	NTRK3	ref	NTRK3.fs	ENSG00000140538	ENST00000357724	TGCTACAACCTCAGCCCGACCAAGGACAAGATGCTTGTGGCTGTGAAGGCCCTGAAGGATCCCACCCTGGCTGCCCGGAAGGATTTCCAGAGG	1	93	CYNLSPTKDKMLVAVKALKDPTLAARKDFQR
ETV6--NTRK3.fs	ETV6--NTRK3.fs	ETV6--NTRK3.fs	alt	NA	ENSG00000139083;ENSG00000140538	ENST00000396373;ENST00000357724	CATCGGGAAGACCTGGCTTACATGAACCACATCATGGTCTCTGTCTCCCCGCCTGAAGAGCACGCCATGCCCATTGGGAGAATAGCAGGGCCC	1	93	HREDLAYMNHIMVSVSPPEEHAMPIGRIAGP
RET--CCDC6.fs	RET--CCDC6.fs	RET	ref	RET	ENSG00000165731	ENST00000340058	CTGGACTCCATGGAGAACCAGGTCTCCGTGGATGCCTTCAAGATCCTGGAGGATCCAAAGTGGGAATTCCCTCGGAAGAACTTGGTTCTTGGA	1	93	LDSMENQVSVDAFKILEDPKWEFPRKNLVLG
RET--CCDC6.fs	RET--CCDC6.fs	CCDC6	ref	CCDC6.fs	ENSG00000108091	ENST00000263102	GCACTGCAGGAGGAGAACCGCGACCTGCGCAAAGCCAGCGTGACCATCCAAGCCAGGGCTGAGCAGGAAGAAGAATTCATTAGTAACACTTTA	1	93	ALQEENRDLRKASVTIQARAEQEEEFISNTL
RET--CCDC6.fs	RET--CCDC6.fs	RET--CCDC6.fs	alt	NA	ENSG00000165731;ENSG00000108091	ENST00000340058;ENST00000263102	AGCTACTCCTCTTCCGGTGCCCGCCGGCCCTCGCTGGACTCCATGGAGAACCAGGTCTCCGTGGATGCCTTCAAGATCCTGCCAAGCCAGGGC	1	93	SYSSSGARRPSLDSMENQVSVDAFKILPSQG
